graduate,Яна,Иванова,qna@gmail.com,0888777666,0MI0600007,KN,2020,1,София
graduate,Гошко,Петров,gop@gmail.com,0888777666,9MI0600004,KN,2021,0,София
graduate,Радина,Костадинова,radi@gmail.com,0888777666,0MI0600007,SI,2021,1,Пловдив
graduate,Теодор,Стойчев,sto@gmail.com,0888777666,9MI0600004,SI,2021,1,Русе
graduate,Калина,Радева,kali@gmail.com,0888777666,0MI0600007,M,2020,0,Варна
graduate,Ангел,Цанев,acho@gmail.com,0888777666,9MI0600004,IS,2019,1,София
recruiter,Деница,Иванчева,deni@gmail.com,0888777444,ITcomp
recruiter,Алекс,Иванов,alex@gmail.com,0888777444,PaySol
recruiter,Андрей,Караиванов,andi@gmail.com,0888777444,FutureOps
recruiter,Велислава,Крумова,v@gmail.com,0888777440,VeDaIT
recruiter,Даниела,Георгиева,daniela@gmail.com,0898885553,VeDaIT